date,product,region,sales,revenue,customer_complaints,marketing_spend,downtime_minutes
2024-01-01,Product A,North,96,2880,3,658,20
2024-01-01,Product A,South,103,2575,1,613,0
2024-01-01,Product A,West,90,2250,3,881,10
2024-01-01,Product B,North,84,2520,5,800,10
2024-01-01,Product B,South,102,2550,2,654,10
2024-01-01,Product B,West,100,2500,3,765,0
2024-01-01,Product C,North,102,2550,5,926,10
2024-01-01,Product C,South,76,1520,3,579,20
2024-01-01,Product C,West,87,1740,0,720,0
2024-01-02,Product A,North,90,2700,5,227,0
2024-01-02,Product A,South,104,3120,3,746,0
2024-01-02,Product A,West,112,3360,4,660,0
2024-01-02,Product B,North,94,2350,2,740,10
2024-01-02,Product B,South,121,3630,6,997,0
2024-01-02,Product B,West,95,1900,1,576,0
2024-01-02,Product C,North,98,1960,2,517,20
2024-01-02,Product C,South,106,3180,1,671,0
2024-01-02,Product C,West,97,2425,3,824,0
2024-01-03,Product A,North,97,1940,5,638,0
2024-01-03,Product A,South,96,2400,4,808,0
2024-01-03,Product A,West,95,1900,3,710,0
2024-01-03,Product B,North,95,1900,3,672,0
2024-01-03,Product B,South,118,3540,1,823,0
2024-01-03,Product B,West,100,2000,3,208,0
2024-01-03,Product C,North,95,2850,8,672,0
2024-01-03,Product C,South,94,2820,3,476,10
2024-01-03,Product C,West,96,2880,2,669,20
2024-01-04,Product A,North,100,3000,4,858,10
2024-01-04,Product A,South,96,1920,5,360,0
2024-01-04,Product A,West,89,2670,3,862,0
2024-01-04,Product B,North,92,2300,4,958,0
2024-01-04,Product B,South,116,2320,2,599,10
2024-01-04,Product B,West,114,2850,2,864,0
2024-01-04,Product C,North,101,2525,2,982,0
2024-01-04,Product C,South,87,1740,4,549,0
2024-01-04,Product C,West,104,2080,2,319,0
2024-01-05,Product A,North,98,1960,1,326,0
2024-01-05,Product A,South,106,2650,1,837,0
2024-01-05,Product A,West,105,2100,4,855,0
2024-01-05,Product B,North,108,2700,1,293,10
2024-01-05,Product B,South,89,2225,2,933,20
2024-01-05,Product B,West,97,1940,2,858,0
2024-01-05,Product C,North,100,2000,1,958,0
2024-01-05,Product C,South,120,3000,3,467,0
2024-01-05,Product C,West,110,3300,1,806,0
2024-01-06,Product A,North,95,1900,1,617,0
2024-01-06,Product A,South,93,1860,2,928,20
2024-01-06,Product A,West,98,2940,4,389,20
2024-01-06,Product B,North,92,2760,3,928,20
2024-01-06,Product B,South,115,2300,2,917,10
2024-01-06,Product B,West,102,2040,2,668,10
2024-01-06,Product C,North,121,3630,1,597,0
2024-01-06,Product C,South,98,2940,7,592,0
2024-01-06,Product C,West,115,2300,2,541,10
2024-01-07,Product A,North,92,1840,2,644,10
2024-01-07,Product A,South,102,2550,2,953,10
2024-01-07,Product A,West,102,2040,4,707,0
2024-01-07,Product B,North,83,1660,1,871,20
2024-01-07,Product B,South,82,1640,5,855,0
2024-01-07,Product B,West,79,1580,2,897,10
2024-01-07,Product C,North,102,2040,2,400,0
2024-01-07,Product C,South,97,1940,1,589,0
2024-01-07,Product C,West,98,1960,3,318,0
2024-01-08,Product A,North,109,3270,2,994,0
2024-01-08,Product A,South,111,3330,1,717,10
2024-01-08,Product A,West,112,2800,2,971,0
2024-01-08,Product B,North,105,3150,2,317,0
2024-01-08,Product B,South,101,2525,3,966,20
2024-01-08,Product B,West,103,3090,6,507,0
2024-01-08,Product C,North,100,2500,5,707,10
2024-01-08,Product C,South,99,1980,2,310,0
2024-01-08,Product C,West,99,2970,2,895,0
2024-01-09,Product A,North,115,2300,4,881,20
2024-01-09,Product A,South,101,2525,3,448,0
2024-01-09,Product A,West,106,3180,2,456,0
2024-01-09,Product B,North,101,2525,4,511,0
2024-01-09,Product B,South,106,2650,1,473,0
2024-01-09,Product B,West,96,1920,4,325,10
2024-01-09,Product C,North,92,1840,3,310,0
2024-01-09,Product C,South,102,3060,4,514,20
2024-01-09,Product C,West,95,1900,1,702,10
2024-01-10,Product A,North,112,2800,2,442,20
2024-01-10,Product A,South,97,2910,2,773,0
2024-01-10,Product A,West,107,2675,2,317,10
2024-01-10,Product B,North,98,1960,3,338,10
2024-01-10,Product B,South,95,2375,1,849,10
2024-01-10,Product B,West,90,1800,1,976,0
2024-01-10,Product C,North,99,2970,4,575,0
2024-01-10,Product C,South,120,3600,2,548,0
2024-01-10,Product C,West,109,2725,2,277,0
2024-01-11,Product A,North,116,2900,4,621,0
2024-01-11,Product A,South,108,2160,3,303,0
2024-01-11,Product A,West,101,3030,2,214,20
2024-01-11,Product B,North,100,3000,2,610,0
2024-01-11,Product B,South,108,2160,2,415,10
2024-01-11,Product B,West,97,1940,3,826,0
2024-01-11,Product C,North,102,3060,3,911,0
2024-01-11,Product C,South,122,2440,1,822,10
2024-01-11,Product C,West,103,2060,4,250,20
2024-01-12,Product A,North,85,2550,3,381,0
2024-01-12,Product A,South,95,2850,2,336,0
2024-01-12,Product A,West,110,2200,1,801,0
2024-01-12,Product B,North,118,3540,3,378,0
2024-01-12,Product B,South,100,2000,3,668,0
2024-01-12,Product B,West,88,2640,3,414,0
2024-01-12,Product C,North,91,2275,1,485,0
2024-01-12,Product C,South,81,2430,5,463,20
2024-01-12,Product C,West,82,2050,3,675,0
2024-01-13,Product A,North,113,2260,2,527,0
2024-01-13,Product A,South,110,2200,8,934,0
2024-01-13,Product A,West,91,1820,7,318,10
2024-01-13,Product B,North,111,2775,5,357,0
2024-01-13,Product B,South,115,2300,5,477,0
2024-01-13,Product B,West,98,1960,1,274,0
2024-01-13,Product C,North,101,2020,4,541,20
2024-01-13,Product C,South,93,2790,3,884,0
2024-01-13,Product C,West,98,2450,3,892,10
2024-01-14,Product A,North,108,3240,3,426,0
2024-01-14,Product A,South,97,2425,2,347,0
2024-01-14,Product A,West,103,2575,3,272,0
2024-01-14,Product B,North,96,1920,4,371,0
2024-01-14,Product B,South,93,2790,6,791,0
2024-01-14,Product B,West,107,3210,6,737,0
2024-01-14,Product C,North,102,3060,0,828,0
2024-01-14,Product C,South,90,2700,6,358,0
2024-01-14,Product C,West,102,3060,3,726,0
2024-01-15,Product A,North,101,2020,4,369,0
2024-01-15,Product A,South,101,3030,1,228,0
2024-01-15,Product A,West,97,1940,3,558,10
2024-01-15,Product B,North,107,3210,5,784,0
2024-01-15,Product B,South,97,2910,3,639,0
2024-01-15,Product B,West,107,2140,3,425,0
2024-01-15,Product C,North,91,2730,4,219,0
2024-01-15,Product C,South,101,3030,4,319,20
2024-01-15,Product C,West,101,2525,3,740,0
2024-01-16,Product A,North,119,2975,2,375,0
2024-01-16,Product A,South,101,2020,3,517,20
2024-01-16,Product A,West,116,2900,5,770,0
2024-01-16,Product B,North,89,1780,4,946,20
2024-01-16,Product B,South,113,3390,0,871,0
2024-01-16,Product B,West,108,2700,4,899,20
2024-01-16,Product C,North,109,2725,0,432,0
2024-01-16,Product C,South,95,2375,5,723,0
2024-01-16,Product C,West,102,2550,3,915,10
2024-01-17,Product A,North,104,3120,2,658,0
2024-01-17,Product A,South,99,2970,3,999,0
2024-01-17,Product A,West,109,3270,2,803,20
2024-01-17,Product B,North,121,3630,4,726,0
2024-01-17,Product B,South,91,1820,4,856,20
2024-01-17,Product B,West,109,2725,1,548,10
2024-01-17,Product C,North,103,2060,0,654,0
2024-01-17,Product C,South,103,2060,2,700,20
2024-01-17,Product C,West,103,2060,2,537,0
2024-01-18,Product A,North,106,2650,4,245,10
2024-01-18,Product A,South,106,2650,2,788,10
2024-01-18,Product A,West,96,2400,4,504,0
2024-01-18,Product B,North,103,3090,7,283,10
2024-01-18,Product B,South,103,3090,3,211,10
2024-01-18,Product B,West,95,2850,1,793,0
2024-01-18,Product C,North,104,2080,1,954,0
2024-01-18,Product C,South,91,2730,5,715,10
2024-01-18,Product C,West,102,2040,6,836,10
2024-01-19,Product A,North,97,1940,4,725,0
2024-01-19,Product A,South,100,2000,3,344,0
2024-01-19,Product A,West,94,2820,3,500,0
2024-01-19,Product B,North,114,2850,2,332,10
2024-01-19,Product B,South,102,2040,1,320,0
2024-01-19,Product B,West,107,2140,6,533,0
2024-01-19,Product C,North,86,2150,0,318,0
2024-01-19,Product C,South,99,1980,2,475,20
2024-01-19,Product C,West,99,2475,6,350,20
2024-01-20,Product A,North,107,2140,2,716,0
2024-01-20,Product A,South,96,2400,3,544,10
2024-01-20,Product A,West,105,2625,2,419,0
2024-01-20,Product B,North,113,2260,1,809,20
2024-01-20,Product B,South,98,1960,3,654,0
2024-01-20,Product B,West,95,2375,3,504,0
2024-01-20,Product C,North,98,2940,4,993,0
2024-01-20,Product C,South,99,2475,1,503,20
2024-01-20,Product C,West,92,2760,4,606,0
2024-01-21,Product A,North,115,3450,2,986,0
2024-01-21,Product A,South,89,1780,3,343,0
2024-01-21,Product A,West,103,2060,4,238,20
2024-01-21,Product B,North,90,1800,5,575,20
2024-01-21,Product B,South,103,2575,4,881,0
2024-01-21,Product B,West,92,2300,5,638,0
2024-01-21,Product C,North,88,2200,2,854,0
2024-01-21,Product C,South,103,2575,2,969,0
2024-01-21,Product C,West,103,2575,4,730,10
2024-01-22,Product A,North,107,3210,4,552,0
2024-01-22,Product A,South,95,1900,1,716,10
2024-01-22,Product A,West,92,2300,3,541,0
2024-01-22,Product B,North,102,2550,2,652,20
2024-01-22,Product B,South,104,3120,2,211,0
2024-01-22,Product B,West,99,2970,4,832,20
2024-01-22,Product C,North,84,2520,3,708,10
2024-01-22,Product C,South,94,2350,2,648,0
2024-01-22,Product C,West,111,2775,6,438,0
2024-01-23,Product A,North,86,2580,3,206,10
2024-01-23,Product A,South,110,3300,2,987,0
2024-01-23,Product A,West,104,2080,3,535,20
2024-01-23,Product B,North,111,2775,1,736,10
2024-01-23,Product B,South,83,1660,4,242,0
2024-01-23,Product B,West,104,3120,2,581,0
2024-01-23,Product C,North,108,3240,2,528,10
2024-01-23,Product C,South,94,1880,5,323,0
2024-01-23,Product C,West,87,2175,4,797,20
2024-01-24,Product A,North,99,2970,3,212,20
2024-01-24,Product A,South,111,2220,3,899,0
2024-01-24,Product A,West,99,2970,1,745,10
2024-01-24,Product B,North,92,2760,4,304,0
2024-01-24,Product B,South,110,2200,1,431,20
2024-01-24,Product B,West,111,3330,3,372,0
2024-01-24,Product C,North,98,1960,3,216,20
2024-01-24,Product C,South,100,3000,4,690,0
2024-01-24,Product C,West,85,2125,0,567,10
2024-01-25,Product A,North,115,2300,2,581,10
2024-01-25,Product A,South,109,2725,3,687,0
2024-01-25,Product A,West,103,3090,3,472,0
2024-01-25,Product B,North,91,2730,2,613,10
2024-01-25,Product B,South,86,2150,0,321,0
2024-01-25,Product B,West,92,1840,6,797,0
2024-01-25,Product C,North,93,1860,1,662,10
2024-01-25,Product C,South,110,3300,2,620,20
2024-01-25,Product C,West,107,2675,5,561,0
2024-01-26,Product A,North,85,2125,6,592,10
2024-01-26,Product A,South,101,2525,0,408,0
2024-01-26,Product A,West,125,3750,4,822,20
2024-01-26,Product B,North,104,2600,4,237,10
2024-01-26,Product B,South,89,1780,3,535,0
2024-01-26,Product B,West,102,2550,3,518,0
2024-01-26,Product C,North,79,1975,4,549,0
2024-01-26,Product C,South,98,1960,8,909,10
2024-01-26,Product C,West,97,1940,2,818,0
2024-01-27,Product A,North,102,2550,3,501,0
2024-01-27,Product A,South,113,2260,5,494,0
2024-01-27,Product A,West,116,2900,1,563,10
2024-01-27,Product B,North,97,1940,2,613,10
2024-01-27,Product B,South,93,2325,3,404,10
2024-01-27,Product B,West,88,2640,2,395,0
2024-01-27,Product C,North,97,2910,3,398,20
2024-01-27,Product C,South,78,1950,4,504,0
2024-01-27,Product C,West,129,2580,1,689,0
2024-01-28,Product A,North,112,2240,3,622,0
2024-01-28,Product A,South,101,2525,3,256,0
2024-01-28,Product A,West,99,2970,3,760,20
2024-01-28,Product B,North,89,2225,1,943,20
2024-01-28,Product B,South,105,2625,4,959,0
2024-01-28,Product B,West,116,3480,3,908,0
2024-01-28,Product C,North,90,1800,6,667,10
2024-01-28,Product C,South,89,1780,3,328,20
2024-01-28,Product C,West,107,2140,2,743,0
2024-01-29,Product A,North,110,2200,4,301,0
2024-01-29,Product A,South,98,2940,2,865,20
2024-01-29,Product A,West,94,2350,4,924,0
2024-01-29,Product B,North,110,2750,3,874,10
2024-01-29,Product B,South,116,2900,5,982,0
2024-01-29,Product B,West,104,2600,2,653,0
2024-01-29,Product C,North,82,2460,3,426,0
2024-01-29,Product C,South,94,2350,3,406,0
2024-01-29,Product C,West,104,3120,2,749,10
2024-01-30,Product A,North,96,2880,2,480,0
2024-01-30,Product A,South,129,2580,4,526,0
2024-01-30,Product A,West,94,2820,3,664,0
2024-01-30,Product B,North,94,2820,3,975,0
2024-01-30,Product B,South,105,2100,5,978,0
2024-01-30,Product B,West,102,2040,2,644,0
2024-01-30,Product C,North,105,2100,0,542,10
2024-01-30,Product C,South,116,3480,6,331,10
2024-01-30,Product C,West,85,1700,3,560,0
2024-01-31,Product A,North,93,2325,2,929,0
2024-01-31,Product A,South,87,1740,4,888,20
2024-01-31,Product A,West,101,2020,1,801,20
2024-01-31,Product B,North,98,2450,3,752,0
2024-01-31,Product B,South,86,2580,1,903,0
2024-01-31,Product B,West,76,2280,2,531,20
2024-01-31,Product C,North,106,2120,3,373,20
2024-01-31,Product C,South,111,2775,4,950,10
2024-01-31,Product C,West,101,2525,4,465,0
2024-02-01,Product A,North,87,2610,4,549,0
2024-02-01,Product A,South,94,1880,4,607,0
2024-02-01,Product A,West,81,2430,3,833,10
2024-02-01,Product B,North,91,2730,5,317,10
2024-02-01,Product B,South,97,2425,2,767,0
2024-02-01,Product B,West,95,1900,2,678,0
2024-02-01,Product C,North,97,2425,5,824,20
2024-02-01,Product C,South,87,2175,0,647,0
2024-02-01,Product C,West,88,2640,2,321,20
2024-02-02,Product A,North,96,2880,6,308,10
2024-02-02,Product A,South,101,2020,3,762,0
2024-02-02,Product A,West,79,1580,4,682,20
2024-02-02,Product B,North,104,3120,4,986,20
2024-02-02,Product B,South,107,2140,5,884,10
2024-02-02,Product B,West,101,2020,5,781,0
2024-02-02,Product C,North,100,2500,4,890,20
2024-02-02,Product C,South,111,3330,2,315,20
2024-02-02,Product C,West,98,2940,2,693,20
2024-02-03,Product A,North,118,2950,3,325,20
2024-02-03,Product A,South,96,2880,2,218,0
2024-02-03,Product A,West,105,3150,0,778,0
2024-02-03,Product B,North,95,2850,4,875,0
2024-02-03,Product B,South,103,2060,3,274,0
2024-02-03,Product B,West,101,2020,3,727,0
2024-02-03,Product C,North,82,2050,2,673,20
2024-02-03,Product C,South,105,2625,5,764,0
2024-02-03,Product C,West,101,2020,3,536,0
2024-02-04,Product A,North,102,2550,5,404,0
2024-02-04,Product A,South,109,3270,4,760,0
2024-02-04,Product A,West,77,1925,5,867,0
2024-02-04,Product B,North,111,2220,6,890,20
2024-02-04,Product B,South,86,1720,3,222,20
2024-02-04,Product B,West,106,2120,1,651,0
2024-02-04,Product C,North,94,2820,3,739,0
2024-02-04,Product C,South,99,2475,1,654,0
2024-02-04,Product C,West,90,2700,7,927,10
2024-02-05,Product A,North,107,2140,3,434,0
2024-02-05,Product A,South,105,2625,3,876,0
2024-02-05,Product A,West,97,2910,5,429,0
2024-02-05,Product B,North,94,2820,1,994,20
2024-02-05,Product B,South,82,1640,1,935,20
2024-02-05,Product B,West,95,2850,2,754,20
2024-02-05,Product C,North,112,3360,3,258,10
2024-02-05,Product C,South,115,2300,3,417,10
2024-02-05,Product C,West,101,2525,2,561,0
2024-02-06,Product A,North,104,2080,4,690,0
2024-02-06,Product A,South,95,2375,3,952,0
2024-02-06,Product A,West,98,2450,5,773,0
2024-02-06,Product B,North,101,3030,0,717,20
2024-02-06,Product B,South,99,1980,3,691,0
2024-02-06,Product B,West,93,2790,1,353,10
2024-02-06,Product C,North,111,2220,6,551,10
2024-02-06,Product C,South,92,2760,8,454,0
2024-02-06,Product C,West,89,2670,2,852,20
2024-02-07,Product A,North,86,2580,2,804,0
2024-02-07,Product A,South,104,2600,5,892,0
2024-02-07,Product A,West,97,1940,2,465,0
2024-02-07,Product B,North,91,2275,3,779,20
2024-02-07,Product B,South,107,2140,3,502,0
2024-02-07,Product B,West,115,3450,2,420,0
2024-02-07,Product C,North,94,2350,1,470,0
2024-02-07,Product C,South,100,3000,5,632,20
2024-02-07,Product C,West,93,1860,4,525,20
2024-02-08,Product A,North,107,3210,2,890,10
2024-02-08,Product A,South,129,3870,6,405,0
2024-02-08,Product A,West,96,2400,3,952,0
2024-02-08,Product B,North,97,2910,2,679,0
2024-02-08,Product B,South,99,2970,3,928,0
2024-02-08,Product B,West,96,2400,7,962,0
2024-02-08,Product C,North,90,2250,2,760,10
2024-02-08,Product C,South,105,2100,3,651,0
2024-02-08,Product C,West,86,1720,5,367,0
2024-02-09,Product A,North,98,2450,4,754,0
2024-02-09,Product A,South,110,3300,3,405,0
2024-02-09,Product A,West,104,2080,2,482,10
2024-02-09,Product B,North,103,2060,3,249,0
2024-02-09,Product B,South,105,2625,4,414,0
2024-02-09,Product B,West,109,2180,3,773,20
2024-02-09,Product C,North,101,2020,4,586,0
2024-02-09,Product C,South,100,2500,4,868,10
2024-02-09,Product C,West,94,2820,3,333,0
2024-02-10,Product A,North,105,2625,3,264,0
2024-02-10,Product A,South,85,2550,2,447,10
2024-02-10,Product A,West,106,2120,0,267,0
2024-02-10,Product B,North,101,2525,3,375,0
2024-02-10,Product B,South,100,2500,3,470,10
2024-02-10,Product B,West,98,2450,5,238,0
2024-02-10,Product C,North,110,3300,0,936,0
2024-02-10,Product C,South,116,2900,3,503,0
2024-02-10,Product C,West,114,3420,3,802,0
2024-02-11,Product A,North,108,2160,3,893,20
2024-02-11,Product A,South,105,2100,6,534,10
2024-02-11,Product A,West,98,2940,3,287,10
2024-02-11,Product B,North,91,2730,3,844,0
2024-02-11,Product B,South,90,2700,4,339,10
2024-02-11,Product B,West,98,1960,4,743,20
2024-02-11,Product C,North,95,2375,2,336,0
2024-02-11,Product C,South,111,2220,7,876,20
2024-02-11,Product C,West,107,3210,5,957,0
2024-02-12,Product A,North,95,2375,3,873,0
2024-02-12,Product A,South,91,2730,1,346,10
2024-02-12,Product A,West,97,1940,3,553,0
2024-02-12,Product B,North,101,2020,2,516,20
2024-02-12,Product B,South,98,1960,3,302,20
2024-02-12,Product B,West,109,3270,1,406,20
2024-02-12,Product C,North,104,2080,5,563,0
2024-02-12,Product C,South,93,1860,4,741,0
2024-02-12,Product C,West,90,2250,4,248,20
2024-02-13,Product A,North,99,2475,4,893,0
2024-02-13,Product A,South,106,3180,2,434,0
2024-02-13,Product A,West,105,3150,3,335,0
2024-02-13,Product B,North,102,2040,3,410,10
2024-02-13,Product B,South,107,2140,2,599,0
2024-02-13,Product B,West,98,2450,3,468,0
2024-02-13,Product C,North,93,2790,5,535,0
2024-02-13,Product C,South,102,3060,5,877,0
2024-02-13,Product C,West,104,2080,5,636,10
2024-02-14,Product A,North,99,2475,3,774,20
2024-02-14,Product A,South,114,2280,4,703,20
2024-02-14,Product A,West,98,2450,3,887,0
2024-02-14,Product B,North,108,2700,0,874,20
2024-02-14,Product B,South,114,2850,3,365,0
2024-02-14,Product B,West,106,3180,8,882,0
2024-02-14,Product C,North,106,3180,4,762,20
2024-02-14,Product C,South,110,2200,5,274,20
2024-02-14,Product C,West,104,3120,3,263,10
2024-02-15,Product A,North,97,2425,3,603,0
2024-02-15,Product A,South,109,3270,7,941,0
2024-02-15,Product A,West,117,3510,1,495,0
2024-02-15,Product B,North,83,2490,5,380,0
2024-02-15,Product B,South,115,3450,4,508,10
2024-02-15,Product B,West,110,2750,4,962,10
2024-02-15,Product C,North,82,2460,2,435,0
2024-02-15,Product C,South,95,2375,0,849,10
2024-02-15,Product C,West,96,1920,3,575,0
2024-02-16,Product A,North,111,2775,3,437,0
2024-02-16,Product A,South,113,3390,2,383,0
2024-02-16,Product A,West,99,2475,8,930,20
2024-02-16,Product B,North,100,3000,3,247,0
2024-02-16,Product B,South,86,2580,2,428,0
2024-02-16,Product B,West,107,2675,3,871,0
2024-02-16,Product C,North,88,1760,2,937,20
2024-02-16,Product C,South,102,2550,2,586,0
2024-02-16,Product C,West,95,1900,3,965,20
2024-02-17,Product A,North,113,2825,3,699,20
2024-02-17,Product A,South,92,1840,1,257,0
2024-02-17,Product A,West,103,3090,4,201,0
2024-02-17,Product B,North,100,2000,3,805,20
2024-02-17,Product B,South,91,2275,3,507,0
2024-02-17,Product B,West,111,3330,3,436,0
2024-02-17,Product C,North,103,2575,3,814,0
2024-02-17,Product C,South,104,2600,4,692,0
2024-02-17,Product C,West,101,3030,2,649,0
2024-02-18,Product A,North,104,2600,6,498,10
2024-02-18,Product A,South,127,2540,4,895,0
2024-02-18,Product A,West,112,2240,4,336,10
2024-02-18,Product B,North,93,1860,3,272,0
2024-02-18,Product B,South,104,3120,3,470,0
2024-02-18,Product B,West,91,2275,4,887,0
2024-02-18,Product C,North,98,2940,3,645,20
2024-02-18,Product C,South,101,3030,4,269,0
2024-02-18,Product C,West,76,2280,7,911,0
2024-02-19,Product A,North,110,2200,1,642,20
2024-02-19,Product A,South,102,3060,2,229,0
2024-02-19,Product A,West,101,2525,4,805,0
2024-02-19,Product B,North,92,2760,1,638,20
2024-02-19,Product B,South,103,3090,3,810,20
2024-02-19,Product B,West,109,2180,2,695,20
2024-02-19,Product C,North,111,3330,3,614,20
2024-02-19,Product C,South,90,1800,3,204,0
2024-02-19,Product C,West,97,2425,3,583,10
2024-02-20,Product A,North,86,2580,0,618,0
2024-02-20,Product A,South,104,3120,5,264,0
2024-02-20,Product A,West,96,2400,2,386,10
2024-02-20,Product B,North,116,2900,3,991,0
2024-02-20,Product B,South,93,2325,7,396,20
2024-02-20,Product B,West,98,2940,2,833,20
2024-02-20,Product C,North,98,2940,3,656,20
2024-02-20,Product C,South,115,3450,5,615,0
2024-02-20,Product C,West,122,3660,2,515,10
2024-02-21,Product A,North,105,2100,2,324,20
2024-02-21,Product A,South,94,2350,3,785,0
2024-02-21,Product A,West,83,2490,1,554,10
2024-02-21,Product B,North,95,2850,0,604,20
2024-02-21,Product B,South,94,2350,3,530,0
2024-02-21,Product B,West,109,3270,0,275,10
2024-02-21,Product C,North,97,2425,1,790,10
2024-02-21,Product C,South,98,1960,2,719,20
2024-02-21,Product C,West,84,2100,2,599,0
2024-02-22,Product A,North,105,2100,3,986,20
2024-02-22,Product A,South,102,3060,5,345,20
2024-02-22,Product A,West,111,3330,3,733,10
2024-02-22,Product B,North,115,3450,4,487,10
2024-02-22,Product B,South,85,2550,3,788,0
2024-02-22,Product B,West,98,2940,2,388,0
2024-02-22,Product C,North,98,2450,3,444,0
2024-02-22,Product C,South,93,1860,1,505,10
2024-02-22,Product C,West,91,2275,2,495,0
2024-02-23,Product A,North,105,3150,5,877,10
2024-02-23,Product A,South,108,2700,3,620,20
2024-02-23,Product A,West,103,3090,2,800,0
2024-02-23,Product B,North,97,2425,0,704,0
2024-02-23,Product B,South,111,2775,2,585,0
2024-02-23,Product B,West,128,2560,3,857,0
2024-02-23,Product C,North,117,2925,6,363,10
2024-02-23,Product C,South,121,2420,2,303,0
2024-02-23,Product C,West,103,2575,4,726,10
2024-02-24,Product A,North,118,2950,4,242,0
2024-02-24,Product A,South,102,2550,5,608,0
2024-02-24,Product A,West,103,2060,2,807,0
2024-02-24,Product B,North,97,2910,4,905,20
2024-02-24,Product B,South,112,3360,3,411,20
2024-02-24,Product B,West,92,2760,3,387,0
2024-02-24,Product C,North,93,1860,2,399,0
2024-02-24,Product C,South,101,3030,2,410,0
2024-02-24,Product C,West,102,2550,0,241,0
2024-02-25,Product A,North,119,3570,3,776,0
2024-02-25,Product A,South,110,2750,4,851,0
2024-02-25,Product A,West,120,2400,1,800,20
2024-02-25,Product B,North,106,2650,4,414,20
2024-02-25,Product B,South,86,2580,3,981,0
2024-02-25,Product B,West,99,1980,3,706,20
2024-02-25,Product C,North,98,2450,3,368,0
2024-02-25,Product C,South,99,1980,2,947,20
2024-02-25,Product C,West,105,3150,2,377,0
2024-02-26,Product A,North,85,2550,4,355,10
2024-02-26,Product A,South,114,3420,2,503,0
2024-02-26,Product A,West,99,2475,1,307,10
2024-02-26,Product B,North,111,2220,2,798,0
2024-02-26,Product B,South,89,2225,3,232,0
2024-02-26,Product B,West,83,1660,3,371,0
2024-02-26,Product C,North,103,2575,2,577,0
2024-02-26,Product C,South,111,2220,1,649,10
2024-02-26,Product C,West,119,3570,5,830,0
2024-02-27,Product A,North,102,2040,4,982,20
2024-02-27,Product A,South,107,3210,1,788,20
2024-02-27,Product A,West,99,2970,2,650,20
2024-02-27,Product B,North,101,3030,3,214,0
2024-02-27,Product B,South,90,1800,3,568,0
2024-02-27,Product B,West,109,2725,5,340,0
2024-02-27,Product C,North,102,3060,4,667,10
2024-02-27,Product C,South,95,2375,0,717,20
2024-02-27,Product C,West,92,2300,3,374,10
2024-02-28,Product A,North,82,1640,6,904,0
2024-02-28,Product A,South,107,2675,2,898,0
2024-02-28,Product A,West,111,2220,4,493,20
2024-02-28,Product B,North,103,2575,2,757,10
2024-02-28,Product B,South,107,2675,4,551,20
2024-02-28,Product B,West,103,2060,2,665,0
2024-02-28,Product C,North,111,3330,4,998,20
2024-02-28,Product C,South,107,2140,3,227,0
2024-02-28,Product C,West,90,1800,3,853,0
2024-02-29,Product A,North,120,3600,1,440,10
2024-02-29,Product A,South,97,2425,3,681,0
2024-02-29,Product A,West,94,2820,4,947,0
2024-02-29,Product B,North,94,2350,1,247,0
2024-02-29,Product B,South,84,2100,2,580,0
2024-02-29,Product B,West,103,2060,2,342,0
2024-02-29,Product C,North,102,2040,6,207,0
2024-02-29,Product C,South,77,1540,1,684,20
2024-02-29,Product C,West,97,1940,3,686,20
2024-03-01,Product A,North,119,3570,2,987,10
2024-03-01,Product A,South,79,1580,3,897,0
2024-03-01,Product A,West,98,1960,2,566,0
2024-03-01,Product B,North,96,2880,3,741,0
2024-03-01,Product B,South,93,2325,6,717,0
2024-03-01,Product B,West,121,2420,1,530,0
2024-03-01,Product C,North,92,2760,1,801,20
2024-03-01,Product C,South,105,3150,4,868,10
2024-03-01,Product C,West,104,2080,1,930,10
2024-03-02,Product A,North,90,2250,3,582,0
2024-03-02,Product A,South,99,2970,3,452,20
2024-03-02,Product A,West,96,2880,3,226,0
2024-03-02,Product B,North,104,3120,4,455,10
2024-03-02,Product B,South,101,2525,2,281,20
2024-03-02,Product B,West,71,1420,2,408,20
2024-03-02,Product C,North,105,2100,6,641,0
2024-03-02,Product C,South,119,2975,5,687,0
2024-03-02,Product C,West,98,1960,4,450,0
2024-03-03,Product A,North,98,1960,4,427,10
2024-03-03,Product A,South,78,1560,3,494,20
2024-03-03,Product A,West,100,3000,1,907,0
2024-03-03,Product B,North,110,3300,5,673,0
2024-03-03,Product B,South,92,2760,0,264,0
2024-03-03,Product B,West,87,2610,2,810,20
2024-03-03,Product C,North,113,2260,6,670,0
2024-03-03,Product C,South,107,2140,2,676,20
2024-03-03,Product C,West,89,1780,3,264,10
2024-03-04,Product A,North,119,2380,8,201,0
2024-03-04,Product A,South,90,2250,3,257,0
2024-03-04,Product A,West,96,2880,4,747,20
2024-03-04,Product B,North,112,2240,2,798,20
2024-03-04,Product B,South,95,2850,7,772,10
2024-03-04,Product B,West,104,3120,4,826,0
2024-03-04,Product C,North,102,2040,4,641,0
2024-03-04,Product C,South,96,1920,2,646,0
2024-03-04,Product C,West,94,1880,1,240,20
2024-03-05,Product A,North,101,2020,2,517,0
2024-03-05,Product A,South,95,2375,5,473,0
2024-03-05,Product A,West,95,1900,1,603,0
2024-03-05,Product B,North,79,2370,4,353,10
2024-03-05,Product B,South,104,3120,5,248,0
2024-03-05,Product B,West,96,1920,3,328,0
2024-03-05,Product C,North,97,2910,2,432,0
2024-03-05,Product C,South,86,1720,6,485,0
2024-03-05,Product C,West,115,2300,5,945,0
2024-03-06,Product A,North,96,1920,4,467,0
2024-03-06,Product A,South,112,3360,2,391,10
2024-03-06,Product A,West,86,2580,2,679,0
2024-03-06,Product B,North,95,2850,1,268,0
2024-03-06,Product B,South,93,1860,3,728,0
2024-03-06,Product B,West,75,2250,4,977,10
2024-03-06,Product C,North,90,2250,1,856,0
2024-03-06,Product C,South,94,2820,2,413,0
2024-03-06,Product C,West,117,2925,2,640,10
2024-03-07,Product A,North,100,3000,3,676,0
2024-03-07,Product A,South,98,2450,3,219,0
2024-03-07,Product A,West,95,2375,3,589,0
2024-03-07,Product B,North,104,3120,2,256,0
2024-03-07,Product B,South,98,1960,2,785,0
2024-03-07,Product B,West,108,2700,4,998,0
2024-03-07,Product C,North,112,2240,4,965,20
2024-03-07,Product C,South,114,3420,7,940,0
2024-03-07,Product C,West,90,1800,1,729,0
2024-03-08,Product A,North,101,2525,3,449,10
2024-03-08,Product A,South,116,2900,2,481,0
2024-03-08,Product A,West,102,2550,6,377,0
2024-03-08,Product B,North,99,2970,2,776,10
2024-03-08,Product B,South,91,1820,4,660,0
2024-03-08,Product B,West,90,2700,0,608,10
2024-03-08,Product C,North,98,1960,1,955,10
2024-03-08,Product C,South,111,2775,2,769,0
2024-03-08,Product C,West,120,2400,4,854,20
2024-03-09,Product A,North,97,2425,6,720,20
2024-03-09,Product A,South,112,2800,3,624,20
2024-03-09,Product A,West,92,1840,3,450,0
2024-03-09,Product B,North,113,2825,3,632,0
2024-03-09,Product B,South,97,2425,3,566,0
2024-03-09,Product B,West,100,2000,6,619,0
2024-03-09,Product C,North,106,2120,2,668,10
2024-03-09,Product C,South,113,3390,1,350,10
2024-03-09,Product C,West,94,1880,3,261,10
2024-03-10,Product A,North,94,1880,1,316,10
2024-03-10,Product A,South,96,2880,4,557,0
2024-03-10,Product A,West,84,2520,2,344,20
2024-03-10,Product B,North,97,2910,0,683,0
2024-03-10,Product B,South,115,2300,5,291,10
2024-03-10,Product B,West,99,1980,2,804,0
2024-03-10,Product C,North,79,1580,3,635,10
2024-03-10,Product C,South,83,2490,3,400,0
2024-03-10,Product C,West,105,2625,2,457,10
2024-03-11,Product A,North,108,2700,3,628,10
2024-03-11,Product A,South,100,2000,1,345,0
2024-03-11,Product A,West,96,2880,0,840,10
2024-03-11,Product B,North,92,1840,4,308,0
2024-03-11,Product B,South,92,2300,3,931,0
2024-03-11,Product B,West,105,2625,4,237,0
2024-03-11,Product C,North,97,2425,2,597,10
2024-03-11,Product C,South,106,2120,2,358,10
2024-03-11,Product C,West,91,2730,2,339,0
2024-03-12,Product A,North,95,2375,6,678,0
2024-03-12,Product A,South,103,3090,0,697,20
2024-03-12,Product A,West,107,3210,0,889,20
2024-03-12,Product B,North,99,2475,2,292,0
2024-03-12,Product B,South,103,2575,2,524,0
2024-03-12,Product B,West,113,2260,3,672,20
2024-03-12,Product C,North,112,3360,2,969,0
2024-03-12,Product C,South,109,3270,3,643,0
2024-03-12,Product C,West,112,2240,4,535,20
2024-03-13,Product A,North,100,2000,3,786,20
2024-03-13,Product A,South,100,2000,2,663,0
2024-03-13,Product A,West,101,2020,4,413,10
2024-03-13,Product B,North,86,1720,4,985,20
2024-03-13,Product B,South,113,2825,3,215,0
2024-03-13,Product B,West,100,2000,2,380,20
2024-03-13,Product C,North,107,2675,1,327,0
2024-03-13,Product C,South,115,2300,4,775,20
2024-03-13,Product C,West,112,3360,4,641,0
2024-03-14,Product A,North,107,3210,1,363,0
2024-03-14,Product A,South,105,3150,4,902,0
2024-03-14,Product A,West,84,1680,1,457,0
2024-03-14,Product B,North,99,2475,3,888,0
2024-03-14,Product B,South,99,1980,3,460,0
2024-03-14,Product B,West,85,2550,4,637,0
2024-03-14,Product C,North,110,3300,2,808,20
2024-03-14,Product C,South,105,3150,1,447,10
2024-03-14,Product C,West,100,2500,2,865,0
2024-03-15,Product A,North,102,2040,1,606,0
2024-03-15,Product A,South,111,2775,3,802,20
2024-03-15,Product A,West,104,3120,5,272,20
2024-03-15,Product B,North,103,2575,1,266,20
2024-03-15,Product B,South,95,2375,2,603,10
2024-03-15,Product B,West,104,2080,0,948,0
2024-03-15,Product C,North,89,2670,2,648,0
2024-03-15,Product C,South,108,3240,2,960,0
2024-03-15,Product C,West,103,3090,3,681,0
2024-03-16,Product A,North,96,2880,3,375,0
2024-03-16,Product A,South,116,2900,3,746,10
2024-03-16,Product A,West,88,2200,2,927,0
2024-03-16,Product B,North,107,2140,1,733,0
2024-03-16,Product B,South,105,3150,0,484,0
2024-03-16,Product B,West,99,2970,2,713,10
2024-03-16,Product C,North,105,2625,2,410,0
2024-03-16,Product C,South,116,2320,3,305,0
2024-03-16,Product C,West,92,2300,4,831,0
2024-03-17,Product A,North,104,3120,3,519,20
2024-03-17,Product A,South,102,2550,0,512,20
2024-03-17,Product A,West,93,1860,2,780,20
2024-03-17,Product B,North,128,3200,3,452,0
2024-03-17,Product B,South,104,2080,2,841,20
2024-03-17,Product B,West,88,2640,7,361,20
2024-03-17,Product C,North,100,2500,6,915,0
2024-03-17,Product C,South,106,2650,2,757,10
2024-03-17,Product C,West,113,2825,2,809,0
2024-03-18,Product A,North,125,2500,2,410,0
2024-03-18,Product A,South,99,2475,4,727,0
2024-03-18,Product A,West,89,2225,4,872,0
2024-03-18,Product B,North,98,2450,2,865,0
2024-03-18,Product B,South,87,2175,5,958,20
2024-03-18,Product B,West,92,2300,4,654,0
2024-03-18,Product C,North,118,2950,2,980,0
2024-03-18,Product C,South,106,2650,1,642,0
2024-03-18,Product C,West,106,2120,2,805,10
2024-03-19,Product A,North,109,3270,1,496,0
2024-03-19,Product A,South,91,2730,2,854,10
2024-03-19,Product A,West,91,2275,2,863,0
2024-03-19,Product B,North,105,2625,3,636,0
2024-03-19,Product B,South,104,2600,6,628,0
2024-03-19,Product B,West,116,3480,5,466,20
2024-03-19,Product C,North,77,2310,2,419,10
2024-03-19,Product C,South,76,1900,1,201,20
2024-03-19,Product C,West,111,2220,4,832,0
2024-03-20,Product A,North,100,2000,4,490,10
2024-03-20,Product A,South,108,3240,5,957,0
2024-03-20,Product A,West,87,2175,2,800,10
2024-03-20,Product B,North,87,2175,3,524,0
2024-03-20,Product B,South,108,2700,3,673,0
2024-03-20,Product B,West,99,2970,6,986,20
2024-03-20,Product C,North,100,3000,1,687,0
2024-03-20,Product C,South,102,2550,4,907,0
2024-03-20,Product C,West,94,1880,4,723,0
2024-03-21,Product A,North,98,1960,2,864,0
2024-03-21,Product A,South,82,2050,4,425,20
2024-03-21,Product A,West,112,2800,3,996,0
2024-03-21,Product B,North,93,2325,5,236,0
2024-03-21,Product B,South,100,2500,1,252,10
2024-03-21,Product B,West,110,2750,1,614,0
2024-03-21,Product C,North,96,2400,2,443,10
2024-03-21,Product C,South,106,3180,3,612,0
2024-03-21,Product C,West,109,2725,0,913,0
2024-03-22,Product A,North,105,3150,1,494,0
2024-03-22,Product A,South,107,3210,3,350,20
2024-03-22,Product A,West,114,2280,3,442,0
2024-03-22,Product B,North,100,3000,5,421,10
2024-03-22,Product B,South,97,2425,1,482,0
2024-03-22,Product B,West,84,2100,4,755,10
2024-03-22,Product C,North,91,2730,3,804,0
2024-03-22,Product C,South,92,2300,6,553,0
2024-03-22,Product C,West,88,2640,3,252,0
2024-03-23,Product A,North,124,2480,4,794,10
2024-03-23,Product A,South,104,3120,2,602,0
2024-03-23,Product A,West,100,2000,3,602,0
2024-03-23,Product B,North,101,2020,5,665,0
2024-03-23,Product B,South,115,2875,1,420,0
2024-03-23,Product B,West,95,2375,7,948,0
2024-03-23,Product C,North,100,2000,2,975,0
2024-03-23,Product C,South,83,2490,5,351,0
2024-03-23,Product C,West,94,2820,4,745,10
2024-03-24,Product A,North,99,1980,5,959,0
2024-03-24,Product A,South,100,2000,3,211,0
2024-03-24,Product A,West,78,2340,2,917,0
2024-03-24,Product B,North,90,2250,2,434,10
2024-03-24,Product B,South,97,2425,1,595,0
2024-03-24,Product B,West,102,2550,4,863,10
2024-03-24,Product C,North,92,1840,4,881,10
2024-03-24,Product C,South,103,2575,1,284,20
2024-03-24,Product C,West,114,3420,0,298,0
2024-03-25,Product A,North,111,2220,3,437,0
2024-03-25,Product A,South,95,2375,6,365,20
2024-03-25,Product A,West,94,2820,3,887,10
2024-03-25,Product B,North,109,3270,3,429,0
2024-03-25,Product B,South,108,2700,2,832,10
2024-03-25,Product B,West,82,1640,5,987,0
2024-03-25,Product C,North,90,2250,2,253,10
2024-03-25,Product C,South,98,2450,1,900,0
2024-03-25,Product C,West,91,1820,3,711,0
2024-03-26,Product A,North,112,2800,9,403,20
2024-03-26,Product A,South,107,2140,1,461,0
2024-03-26,Product A,West,100,2000,1,328,0
2024-03-26,Product B,North,128,3840,0,838,0
2024-03-26,Product B,South,109,2180,2,234,10
2024-03-26,Product B,West,112,3360,2,870,20
2024-03-26,Product C,North,92,2300,4,215,20
2024-03-26,Product C,South,116,3480,1,428,0
2024-03-26,Product C,West,92,2300,0,782,0
2024-03-27,Product A,North,92,1840,1,523,0
2024-03-27,Product A,South,95,1900,1,826,0
2024-03-27,Product A,West,107,2140,2,665,0
2024-03-27,Product B,North,106,3180,0,856,20
2024-03-27,Product B,South,90,1800,2,317,20
2024-03-27,Product B,West,95,2850,0,469,10
2024-03-27,Product C,North,111,2220,5,861,0
2024-03-27,Product C,South,99,2475,2,950,0
2024-03-27,Product C,West,112,3360,1,676,0
2024-03-28,Product A,North,102,2040,3,529,0
2024-03-28,Product A,South,109,3270,2,589,0
2024-03-28,Product A,West,107,2140,2,452,0
2024-03-28,Product B,North,101,2525,5,340,0
2024-03-28,Product B,South,122,2440,2,899,0
2024-03-28,Product B,West,108,3240,2,820,10
2024-03-28,Product C,North,107,2140,3,799,0
2024-03-28,Product C,South,92,2300,1,332,0
2024-03-28,Product C,West,102,3060,5,281,0
2024-03-29,Product A,North,87,2175,1,510,20
2024-03-29,Product A,South,103,2575,3,362,0
2024-03-29,Product A,West,100,2500,3,386,0
2024-03-29,Product B,North,91,2275,3,452,0
2024-03-29,Product B,South,96,2880,0,290,0
2024-03-29,Product B,West,97,1940,4,304,0
2024-03-29,Product C,North,97,2425,5,324,0
2024-03-29,Product C,South,102,2040,3,562,0
2024-03-29,Product C,West,98,1960,2,905,0
2024-03-30,Product A,North,108,3240,4,982,0
2024-03-30,Product A,South,97,2425,4,361,0
2024-03-30,Product A,West,93,2790,1,368,20
2024-03-30,Product B,North,102,2040,2,227,10
2024-03-30,Product B,South,104,3120,4,968,20
2024-03-30,Product B,West,100,2000,6,264,20
2024-03-30,Product C,North,94,1880,2,856,0
2024-03-30,Product C,South,85,2125,7,909,0
2024-03-30,Product C,West,105,2625,1,253,0
2024-03-31,Product A,North,112,3360,5,743,0
2024-03-31,Product A,South,87,2175,1,719,0
2024-03-31,Product A,West,116,3480,2,988,0
2024-03-31,Product B,North,89,2225,3,644,20
2024-03-31,Product B,South,97,2910,3,676,0
2024-03-31,Product B,West,104,2600,3,246,20
2024-03-31,Product C,North,94,1880,2,284,0
2024-03-31,Product C,South,112,2800,3,904,0
2024-03-31,Product C,West,82,2050,4,649,0
2024-04-01,Product A,North,99,2475,3,303,0
2024-04-01,Product A,South,110,2200,1,931,0
2024-04-01,Product A,West,93,1860,4,338,10
2024-04-01,Product B,North,91,2730,3,293,10
2024-04-01,Product B,South,113,3390,0,272,10
2024-04-01,Product B,West,104,2600,1,675,0
2024-04-01,Product C,North,99,1980,4,567,10
2024-04-01,Product C,South,82,2050,4,242,10
2024-04-01,Product C,West,96,1920,3,997,0
2024-04-02,Product A,North,119,2975,4,945,0
2024-04-02,Product A,South,101,3030,2,265,10
2024-04-02,Product A,West,107,2140,4,375,20
2024-04-02,Product B,North,122,3050,3,537,0
2024-04-02,Product B,South,106,2120,0,994,0
2024-04-02,Product B,West,111,2220,3,357,10
2024-04-02,Product C,North,92,1840,2,668,0
2024-04-02,Product C,South,115,2300,6,821,10
2024-04-02,Product C,West,97,1940,3,851,0
2024-04-03,Product A,North,113,2260,2,901,0
2024-04-03,Product A,South,106,2650,3,682,0
2024-04-03,Product A,West,99,2475,4,406,0
2024-04-03,Product B,North,93,1860,2,617,0
2024-04-03,Product B,South,88,1760,0,734,10
2024-04-03,Product B,West,110,3300,5,393,10
2024-04-03,Product C,North,101,2525,1,251,10
2024-04-03,Product C,South,99,2475,2,493,0
2024-04-03,Product C,West,129,3225,3,257,0
2024-04-04,Product A,North,92,2760,2,498,20
2024-04-04,Product A,South,100,3000,1,291,20
2024-04-04,Product A,West,86,2580,2,768,0
2024-04-04,Product B,North,121,3025,3,946,0
2024-04-04,Product B,South,107,3210,2,679,0
2024-04-04,Product B,West,107,2675,1,999,10
2024-04-04,Product C,North,105,2100,4,443,0
2024-04-04,Product C,South,102,2550,5,789,10
2024-04-04,Product C,West,93,2790,3,737,20
2024-04-05,Product A,North,91,1820,2,907,0
2024-04-05,Product A,South,99,2475,4,893,0
2024-04-05,Product A,West,89,2670,2,749,0
2024-04-05,Product B,North,107,3210,3,934,0
2024-04-05,Product B,South,97,2425,1,495,0
2024-04-05,Product B,West,103,2060,1,246,0
2024-04-05,Product C,North,101,2020,3,407,0
2024-04-05,Product C,South,98,1960,2,981,0
2024-04-05,Product C,West,109,2725,2,366,0
2024-04-06,Product A,North,89,1780,4,875,0
2024-04-06,Product A,South,107,3210,3,998,20
2024-04-06,Product A,West,90,2250,3,263,0
2024-04-06,Product B,North,98,2450,4,660,0
2024-04-06,Product B,South,114,2280,5,800,0
2024-04-06,Product B,West,100,2500,6,772,0
2024-04-06,Product C,North,105,2625,3,245,0
2024-04-06,Product C,South,101,3030,0,991,20
2024-04-06,Product C,West,86,1720,3,805,0
2024-04-07,Product A,North,90,2250,1,614,0
2024-04-07,Product A,South,90,1800,2,958,0
2024-04-07,Product A,West,101,2525,3,685,20
2024-04-07,Product B,North,95,1900,4,769,10
2024-04-07,Product B,South,99,1980,2,848,20
2024-04-07,Product B,West,100,3000,2,369,20
2024-04-07,Product C,North,86,2580,3,765,0
2024-04-07,Product C,South,111,2775,1,279,0
2024-04-07,Product C,West,93,2790,0,325,10
2024-04-08,Product A,North,107,2140,3,806,10
2024-04-08,Product A,South,102,2040,3,768,0
2024-04-08,Product A,West,84,1680,4,824,10
2024-04-08,Product B,North,86,2580,4,984,10
2024-04-08,Product B,South,94,2820,2,678,0
2024-04-08,Product B,West,91,1820,0,587,0
2024-04-08,Product C,North,87,2175,5,481,0
2024-04-08,Product C,South,99,2970,4,346,0
2024-04-08,Product C,West,112,3360,3,254,0
2024-04-09,Product A,North,103,2060,2,311,0
2024-04-09,Product A,South,100,2500,1,898,0
2024-04-09,Product A,West,83,1660,5,669,20
2024-04-09,Product B,North,95,2375,5,331,0
2024-04-09,Product B,South,109,2180,6,582,0
2024-04-09,Product B,West,103,2575,2,314,0
2024-04-09,Product C,North,100,2500,4,910,20
2024-04-09,Product C,South,86,2580,2,583,10
2024-04-09,Product C,West,94,2820,3,288,10
2024-04-10,Product A,North,111,3330,4,832,0
2024-04-10,Product A,South,101,2525,1,236,0
2024-04-10,Product A,West,94,2820,2,541,0
2024-04-10,Product B,North,96,2400,3,836,0
2024-04-10,Product B,South,117,3510,1,656,0
2024-04-10,Product B,West,101,2525,4,791,0
2024-04-10,Product C,North,110,2750,3,294,0
2024-04-10,Product C,South,117,3510,2,846,0
2024-04-10,Product C,West,94,2350,1,740,10
2024-04-11,Product A,North,98,1960,2,413,0
2024-04-11,Product A,South,96,2400,6,222,0
2024-04-11,Product A,West,104,2600,2,894,20
2024-04-11,Product B,North,89,2670,2,679,0
2024-04-11,Product B,South,88,1760,3,294,20
2024-04-11,Product B,West,88,2640,4,407,20
2024-04-11,Product C,North,106,3180,2,399,0
2024-04-11,Product C,South,119,2380,1,330,0
2024-04-11,Product C,West,101,3030,3,685,0
2024-04-12,Product A,North,102,3060,4,289,10
2024-04-12,Product A,South,93,1860,3,538,10
2024-04-12,Product A,West,99,1980,0,917,10
2024-04-12,Product B,North,93,2790,5,218,0
2024-04-12,Product B,South,115,3450,4,655,0
2024-04-12,Product B,West,110,2750,4,684,0
2024-04-12,Product C,North,96,1920,2,848,10
2024-04-12,Product C,South,87,1740,5,887,20
2024-04-12,Product C,West,97,1940,6,221,0
2024-04-13,Product A,North,94,2820,0,666,20
2024-04-13,Product A,South,100,2000,3,501,20
2024-04-13,Product A,West,101,2525,2,269,0
2024-04-13,Product B,North,92,2760,2,524,20
2024-04-13,Product B,South,100,2500,1,601,0
2024-04-13,Product B,West,99,2970,4,937,0
2024-04-13,Product C,North,102,3060,2,631,10
2024-04-13,Product C,South,97,2425,5,816,0
2024-04-13,Product C,West,98,2450,4,875,0
2024-04-14,Product A,North,94,2820,3,894,20
2024-04-14,Product A,South,105,3150,1,580,10
2024-04-14,Product A,West,97,2425,5,495,0
2024-04-14,Product B,North,103,2060,3,365,0
2024-04-14,Product B,South,99,2970,2,818,0
2024-04-14,Product B,West,94,1880,6,732,10
2024-04-14,Product C,North,97,2910,2,442,20
2024-04-14,Product C,South,87,2610,2,338,0
2024-04-14,Product C,West,98,1960,2,434,20
2024-04-15,Product A,North,97,2910,1,250,0
2024-04-15,Product A,South,93,2790,2,555,20
2024-04-15,Product A,West,95,2850,1,326,20
2024-04-15,Product B,North,102,3060,3,639,10
2024-04-15,Product B,South,109,2725,2,749,0
2024-04-15,Product B,West,92,1840,3,254,20
2024-04-15,Product C,North,106,3180,5,580,0
2024-04-15,Product C,South,117,2925,4,743,10
2024-04-15,Product C,West,99,1980,4,915,0
2024-04-16,Product A,North,94,2350,2,697,10
2024-04-16,Product A,South,107,3210,3,475,20
2024-04-16,Product A,West,84,2100,4,702,0
2024-04-16,Product B,North,110,2200,2,228,0
2024-04-16,Product B,South,91,1820,0,324,0
2024-04-16,Product B,West,96,2400,7,648,0
2024-04-16,Product C,North,99,2970,3,794,0
2024-04-16,Product C,South,106,3180,3,285,10
2024-04-16,Product C,West,112,2800,3,974,0
2024-04-17,Product A,North,110,3300,5,977,0
2024-04-17,Product A,South,100,2000,6,535,10
2024-04-17,Product A,West,92,2300,2,970,10
2024-04-17,Product B,North,97,2910,4,867,0
2024-04-17,Product B,South,90,2250,3,241,0
2024-04-17,Product B,West,99,2475,2,608,0
2024-04-17,Product C,North,95,2850,6,541,20
2024-04-17,Product C,South,94,1880,2,945,20
2024-04-17,Product C,West,104,2080,2,386,0
2024-04-18,Product A,North,92,2760,4,370,0
2024-04-18,Product A,South,127,3810,3,602,0
2024-04-18,Product A,West,104,3120,3,762,0
2024-04-18,Product B,North,74,2220,1,292,20
2024-04-18,Product B,South,101,2020,4,929,0
2024-04-18,Product B,West,96,1920,2,746,0
2024-04-18,Product C,North,120,2400,10,481,0
2024-04-18,Product C,South,94,2350,3,470,0
2024-04-18,Product C,West,89,2670,2,918,20
2024-04-19,Product A,North,101,2525,3,285,0
2024-04-19,Product A,South,105,2625,2,684,0
2024-04-19,Product A,West,116,2900,0,443,10
2024-04-19,Product B,North,97,1940,3,358,0
2024-04-19,Product B,South,108,3240,0,366,10
2024-04-19,Product B,West,96,2880,2,228,0
2024-04-19,Product C,North,114,2850,3,464,0
2024-04-19,Product C,South,95,2850,4,731,0
2024-04-19,Product C,West,109,2180,4,817,0
2024-04-20,Product A,North,100,2000,0,861,0
2024-04-20,Product A,South,95,2850,7,769,10
2024-04-20,Product A,West,80,1600,3,538,20
2024-04-20,Product B,North,87,2610,1,780,20
2024-04-20,Product B,South,98,2940,1,728,0
2024-04-20,Product B,West,103,2060,4,307,0
2024-04-20,Product C,North,104,3120,6,770,0
2024-04-20,Product C,South,96,1920,5,776,20
2024-04-20,Product C,West,98,2940,3,426,0
2024-04-21,Product A,North,100,3000,2,221,10
2024-04-21,Product A,South,106,3180,5,875,0
2024-04-21,Product A,West,93,1860,5,590,20
2024-04-21,Product B,North,92,2300,7,407,0
2024-04-21,Product B,South,88,2200,5,788,0
2024-04-21,Product B,West,76,1900,2,923,0
2024-04-21,Product C,North,91,1820,2,341,0
2024-04-21,Product C,South,109,2180,3,896,0
2024-04-21,Product C,West,96,1920,5,430,0
2024-04-22,Product A,North,103,3090,2,903,0
2024-04-22,Product A,South,106,2120,2,276,10
2024-04-22,Product A,West,118,2360,0,526,20
2024-04-22,Product B,North,83,1660,5,590,0
2024-04-22,Product B,South,94,2820,5,771,20
2024-04-22,Product B,West,99,2970,4,524,20
2024-04-22,Product C,North,99,1980,2,207,0
2024-04-22,Product C,South,101,2020,2,754,0
2024-04-22,Product C,West,102,2040,5,287,0
2024-04-23,Product A,North,103,3090,2,342,20
2024-04-23,Product A,South,84,1680,3,907,0
2024-04-23,Product A,West,92,2760,4,459,20
2024-04-23,Product B,North,94,1880,2,906,0
2024-04-23,Product B,South,81,2025,2,793,0
2024-04-23,Product B,West,94,2820,6,458,10
2024-04-23,Product C,North,103,2060,4,993,20
2024-04-23,Product C,South,106,2650,3,895,0
2024-04-23,Product C,West,88,2640,3,783,10
2024-04-24,Product A,North,108,2700,2,640,0
2024-04-24,Product A,South,112,2800,3,445,0
2024-04-24,Product A,West,91,1820,5,962,20
2024-04-24,Product B,North,98,1960,3,771,0
2024-04-24,Product B,South,91,2730,3,331,10
2024-04-24,Product B,West,90,1800,2,442,0
2024-04-24,Product C,North,104,3120,3,334,0
2024-04-24,Product C,South,103,3090,1,532,0
2024-04-24,Product C,West,89,2225,4,552,10
2024-04-25,Product A,North,97,1940,3,364,20
2024-04-25,Product A,South,107,2675,3,759,20
2024-04-25,Product A,West,107,3210,5,998,10
2024-04-25,Product B,North,97,2910,2,387,0
2024-04-25,Product B,South,89,1780,2,719,20
2024-04-25,Product B,West,103,3090,2,659,0
2024-04-25,Product C,North,88,2640,6,778,10
2024-04-25,Product C,South,97,2425,1,732,10
2024-04-25,Product C,West,92,2760,3,246,20
2024-04-26,Product A,North,112,2800,2,460,0
2024-04-26,Product A,South,93,2790,2,740,0
2024-04-26,Product A,West,99,2475,2,460,0
2024-04-26,Product B,North,100,2500,2,420,0
2024-04-26,Product B,South,100,3000,5,407,20
2024-04-26,Product B,West,103,2575,4,359,0
2024-04-26,Product C,North,92,2300,1,253,0
2024-04-26,Product C,South,98,1960,2,531,0
2024-04-26,Product C,West,105,2100,2,827,20
2024-04-27,Product A,North,112,2240,1,716,0
2024-04-27,Product A,South,104,2080,1,464,10
2024-04-27,Product A,West,98,2450,5,725,20
2024-04-27,Product B,North,98,1960,4,686,0
2024-04-27,Product B,South,102,3060,2,312,20
2024-04-27,Product B,West,98,2450,2,589,10
2024-04-27,Product C,North,98,2450,3,720,0
2024-04-27,Product C,South,101,2525,7,481,0
2024-04-27,Product C,West,107,2675,1,965,0
2024-04-28,Product A,North,100,2000,4,704,0
2024-04-28,Product A,South,103,2575,2,340,10
2024-04-28,Product A,West,107,2675,2,900,0
2024-04-28,Product B,North,94,1880,6,283,0
2024-04-28,Product B,South,93,2325,3,844,0
2024-04-28,Product B,West,95,2850,2,608,0
2024-04-28,Product C,North,105,3150,2,779,20
2024-04-28,Product C,South,103,2060,4,611,20
2024-04-28,Product C,West,108,2700,1,789,0
2024-04-29,Product A,North,102,3060,3,820,0
2024-04-29,Product A,South,96,1920,0,659,20
2024-04-29,Product A,West,106,2650,3,926,0
2024-04-29,Product B,North,93,1860,3,717,0
2024-04-29,Product B,South,103,2575,3,241,0
2024-04-29,Product B,West,96,2400,1,910,0
2024-04-29,Product C,North,93,2790,3,280,20
2024-04-29,Product C,South,87,2175,2,225,20
2024-04-29,Product C,West,102,2550,2,765,0
2024-04-30,Product A,North,96,2880,1,252,10
2024-04-30,Product A,South,107,2675,2,976,0
2024-04-30,Product A,West,93,2790,6,557,20
2024-04-30,Product B,North,95,2375,4,863,10
2024-04-30,Product B,South,82,2460,2,349,10
2024-04-30,Product B,West,108,3240,2,713,0
2024-04-30,Product C,North,110,2200,5,261,10
2024-04-30,Product C,South,99,1980,7,899,10
2024-04-30,Product C,West,92,2760,4,961,0
2024-05-01,Product A,North,126,3150,3,435,0
2024-05-01,Product A,South,87,1740,2,416,0
2024-05-01,Product A,West,92,2300,6,264,20
2024-05-01,Product B,North,93,1860,0,261,0
2024-05-01,Product B,South,104,2080,3,392,0
2024-05-01,Product B,West,97,1940,4,968,0
2024-05-01,Product C,North,111,3330,4,635,0
2024-05-01,Product C,South,100,3000,4,569,0
2024-05-01,Product C,West,106,2650,3,487,0
2024-05-02,Product A,North,95,2850,4,916,10
2024-05-02,Product A,South,97,2910,2,355,0
2024-05-02,Product A,West,107,2675,2,435,0
2024-05-02,Product B,North,106,2650,1,358,10
2024-05-02,Product B,South,90,2250,1,835,10
2024-05-02,Product B,West,91,2275,1,928,10
2024-05-02,Product C,North,99,2970,2,922,0
2024-05-02,Product C,South,102,2550,2,582,20
2024-05-02,Product C,West,104,2600,8,454,10
2024-05-03,Product A,North,99,2970,2,266,10
2024-05-03,Product A,South,85,2550,2,901,0
2024-05-03,Product A,West,100,3000,2,594,0
2024-05-03,Product B,North,96,1920,4,290,0
2024-05-03,Product B,South,112,2800,6,643,20
2024-05-03,Product B,West,103,3090,4,370,0
2024-05-03,Product C,North,104,3120,3,641,0
2024-05-03,Product C,South,111,2775,4,963,10
2024-05-03,Product C,West,100,2500,3,241,20
2024-05-04,Product A,North,109,3270,2,248,0
2024-05-04,Product A,South,94,1880,1,718,0
2024-05-04,Product A,West,105,2100,5,715,0
2024-05-04,Product B,North,106,3180,2,325,0
2024-05-04,Product B,South,101,2525,2,760,0
2024-05-04,Product B,West,94,1880,3,332,0
2024-05-04,Product C,North,102,2550,0,515,0
2024-05-04,Product C,South,104,2600,5,541,20
2024-05-04,Product C,West,106,2650,2,478,10
2024-05-05,Product A,North,102,2550,3,290,10
2024-05-05,Product A,South,82,2460,4,331,10
2024-05-05,Product A,West,99,2475,6,702,10
2024-05-05,Product B,North,117,3510,2,374,0
2024-05-05,Product B,South,94,1880,2,949,10
2024-05-05,Product B,West,85,2550,2,419,0
2024-05-05,Product C,North,102,2550,3,793,10
2024-05-05,Product C,South,101,3030,2,998,0
2024-05-05,Product C,West,101,3030,2,228,0
2024-05-06,Product A,North,101,2525,4,788,10
2024-05-06,Product A,South,96,2400,5,966,0
2024-05-06,Product A,West,90,2700,2,588,0
2024-05-06,Product B,North,99,2970,4,625,10
2024-05-06,Product B,South,100,2000,6,609,0
2024-05-06,Product B,West,112,3360,1,969,0
2024-05-06,Product C,North,78,1950,2,938,0
2024-05-06,Product C,South,123,3690,1,729,0
2024-05-06,Product C,West,110,2750,4,985,0
2024-05-07,Product A,North,106,2650,2,852,10
2024-05-07,Product A,South,89,1780,2,763,0
2024-05-07,Product A,West,88,1760,2,392,0
2024-05-07,Product B,North,112,2800,3,314,0
2024-05-07,Product B,South,107,3210,6,265,0
2024-05-07,Product B,West,116,2320,1,377,0
2024-05-07,Product C,North,99,2475,1,393,20
2024-05-07,Product C,South,97,1940,2,591,10
2024-05-07,Product C,West,92,1840,6,235,0
2024-05-08,Product A,North,96,1920,1,290,0
2024-05-08,Product A,South,106,3180,4,329,10
2024-05-08,Product A,West,81,2025,2,475,10
2024-05-08,Product B,North,101,2525,2,440,0
2024-05-08,Product B,South,98,2450,4,968,0
2024-05-08,Product B,West,90,2700,6,797,0
2024-05-08,Product C,North,104,2600,3,555,0
2024-05-08,Product C,South,107,2140,3,963,0
2024-05-08,Product C,West,102,3060,6,454,0
2024-05-09,Product A,North,104,3120,4,916,0
2024-05-09,Product A,South,119,2975,3,657,0
2024-05-09,Product A,West,81,1620,5,894,20
2024-05-09,Product B,North,108,2160,3,597,10
2024-05-09,Product B,South,97,1940,1,308,0
2024-05-09,Product B,West,101,2020,2,848,10
2024-05-09,Product C,North,100,2000,5,520,0
2024-05-09,Product C,South,90,2250,2,846,0
2024-05-09,Product C,West,103,2060,2,738,0
2024-05-10,Product A,North,114,2280,3,445,0
2024-05-10,Product A,South,102,2040,3,817,20
2024-05-10,Product A,West,77,2310,1,535,0
2024-05-10,Product B,North,109,2725,2,280,0
2024-05-10,Product B,South,96,2400,0,865,20
2024-05-10,Product B,West,107,3210,1,655,20
2024-05-10,Product C,North,88,1760,4,853,20
2024-05-10,Product C,South,89,2225,3,414,0
2024-05-10,Product C,West,98,2450,5,340,0
2024-05-11,Product A,North,93,2790,1,985,0
2024-05-11,Product A,South,107,2140,3,363,0
2024-05-11,Product A,West,96,1920,6,990,0
2024-05-11,Product B,North,87,2175,3,214,0
2024-05-11,Product B,South,94,1880,3,867,0
2024-05-11,Product B,West,115,2300,6,439,20
2024-05-11,Product C,North,105,2100,2,893,0
2024-05-11,Product C,South,100,3000,5,401,20
2024-05-11,Product C,West,110,3300,4,828,20
2024-05-12,Product A,North,103,2575,1,258,0
2024-05-12,Product A,South,119,3570,4,991,10
2024-05-12,Product A,West,105,2100,3,455,0
2024-05-12,Product B,North,102,3060,5,494,10
2024-05-12,Product B,South,96,1920,5,445,20
2024-05-12,Product B,West,85,2125,3,962,0
2024-05-12,Product C,North,93,2790,1,952,0
2024-05-12,Product C,South,105,3150,5,885,0
2024-05-12,Product C,West,104,2600,1,931,0
2024-05-13,Product A,North,99,1980,2,837,0
2024-05-13,Product A,South,117,2925,0,505,0
2024-05-13,Product A,West,88,2200,6,331,0
2024-05-13,Product B,North,93,2790,3,223,0
2024-05-13,Product B,South,98,1960,3,482,10
2024-05-13,Product B,West,96,1920,2,734,0
2024-05-13,Product C,North,100,2500,2,304,0
2024-05-13,Product C,South,95,1900,2,832,0
2024-05-13,Product C,West,89,2225,2,713,0
2024-05-14,Product A,North,105,3150,2,661,0
2024-05-14,Product A,South,92,1840,0,459,0
2024-05-14,Product A,West,86,2580,1,637,20
2024-05-14,Product B,North,97,2425,5,252,10
2024-05-14,Product B,South,100,2500,5,759,0
2024-05-14,Product B,West,97,2425,1,656,20
2024-05-14,Product C,North,92,1840,4,238,0
2024-05-14,Product C,South,97,2910,4,345,20
2024-05-14,Product C,West,94,1880,4,634,0
2024-05-15,Product A,North,89,2225,6,760,0
2024-05-15,Product A,South,106,2120,3,884,20
2024-05-15,Product A,West,101,3030,3,783,0
2024-05-15,Product B,North,104,2080,1,831,0
2024-05-15,Product B,South,93,2790,3,354,20
2024-05-15,Product B,West,95,2375,4,958,0
2024-05-15,Product C,North,93,1860,5,595,10
2024-05-15,Product C,South,103,2575,2,827,0
2024-05-15,Product C,West,111,2775,6,955,0
2024-05-16,Product A,North,105,3150,5,974,0
2024-05-16,Product A,South,110,2750,2,506,10
2024-05-16,Product A,West,98,1960,2,991,0
2024-05-16,Product B,North,102,2040,2,789,0
2024-05-16,Product B,South,80,1600,4,310,10
2024-05-16,Product B,West,109,2725,5,363,0
2024-05-16,Product C,North,98,2450,0,486,0
2024-05-16,Product C,South,101,3030,4,621,10
2024-05-16,Product C,West,107,3210,2,237,0
2024-05-17,Product A,North,110,2750,4,819,0
2024-05-17,Product A,South,103,2575,5,944,0
2024-05-17,Product A,West,115,2875,1,883,20
2024-05-17,Product B,North,100,2000,1,785,0
2024-05-17,Product B,South,100,2000,5,835,0
2024-05-17,Product B,West,103,3090,2,479,10
2024-05-17,Product C,North,111,2775,3,427,0
2024-05-17,Product C,South,95,2375,4,322,20
2024-05-17,Product C,West,107,2675,6,994,0
2024-05-18,Product A,North,103,3090,7,612,0
2024-05-18,Product A,South,89,1780,4,310,0
2024-05-18,Product A,West,85,2125,4,706,0
2024-05-18,Product B,North,94,2820,5,385,0
2024-05-18,Product B,South,110,2750,1,923,20
2024-05-18,Product B,West,106,2650,3,312,10
2024-05-18,Product C,North,94,1880,3,510,0
2024-05-18,Product C,South,102,2040,3,909,10
2024-05-18,Product C,West,84,2100,2,229,20
2024-05-19,Product A,North,112,2240,3,640,20
2024-05-19,Product A,South,110,2200,6,710,10
2024-05-19,Product A,West,99,2970,2,422,0
2024-05-19,Product B,North,84,1680,4,743,0
2024-05-19,Product B,South,95,2375,5,283,0
2024-05-19,Product B,West,96,2400,3,749,0
2024-05-19,Product C,North,110,2750,4,925,10
2024-05-19,Product C,South,90,2250,2,904,20
2024-05-19,Product C,West,95,2850,6,812,20
2024-05-20,Product A,North,97,2425,2,463,10
2024-05-20,Product A,South,111,2775,3,457,10
2024-05-20,Product A,West,125,3750,3,712,0
2024-05-20,Product B,North,121,3025,5,785,0
2024-05-20,Product B,South,102,3060,4,444,0
2024-05-20,Product B,West,106,3180,0,447,0
2024-05-20,Product C,North,97,1940,1,795,0
2024-05-20,Product C,South,108,3240,2,480,0
2024-05-20,Product C,West,124,3100,2,975,0
2024-05-21,Product A,North,112,2800,0,969,0
2024-05-21,Product A,South,91,1820,5,377,0
2024-05-21,Product A,West,84,2520,2,630,0
2024-05-21,Product B,North,108,2160,1,405,0
2024-05-21,Product B,South,90,2250,4,489,20
2024-05-21,Product B,West,96,2880,2,606,0
2024-05-21,Product C,North,99,2970,3,975,20
2024-05-21,Product C,South,105,3150,2,241,0
2024-05-21,Product C,West,102,2040,1,949,0
2024-05-22,Product A,North,95,1900,4,904,20
2024-05-22,Product A,South,96,2880,3,810,20
2024-05-22,Product A,West,108,2700,3,914,0
2024-05-22,Product B,North,105,2100,0,220,0
2024-05-22,Product B,South,95,1900,3,321,10
2024-05-22,Product B,West,108,2700,5,442,10
2024-05-22,Product C,North,94,1880,2,638,0
2024-05-22,Product C,South,104,2080,2,729,0
2024-05-22,Product C,West,124,3100,1,258,20
2024-05-23,Product A,North,112,2800,1,697,0
2024-05-23,Product A,South,102,2040,1,559,0
2024-05-23,Product A,West,110,2200,5,761,20
2024-05-23,Product B,North,96,1920,3,278,0
2024-05-23,Product B,South,103,2060,2,710,0
2024-05-23,Product B,West,90,2250,7,820,10
2024-05-23,Product C,North,97,1940,1,493,10
2024-05-23,Product C,South,100,3000,3,357,0
2024-05-23,Product C,West,111,2220,2,270,0
2024-05-24,Product A,North,110,2750,5,556,20
2024-05-24,Product A,South,91,2275,3,435,0
2024-05-24,Product A,West,80,2000,3,532,10
2024-05-24,Product B,North,91,2275,2,667,0
2024-05-24,Product B,South,91,1820,2,305,10
2024-05-24,Product B,West,105,2625,7,423,0
2024-05-24,Product C,North,90,2700,5,442,20
2024-05-24,Product C,South,100,2500,3,739,0
2024-05-24,Product C,West,87,2610,5,533,0
2024-05-25,Product A,North,92,1840,3,459,0
2024-05-25,Product A,South,102,2550,6,982,20
2024-05-25,Product A,West,92,2760,4,721,0
2024-05-25,Product B,North,113,2825,4,977,20
2024-05-25,Product B,South,118,2950,0,350,0
2024-05-25,Product B,West,78,1560,3,256,0
2024-05-25,Product C,North,111,3330,1,993,10
2024-05-25,Product C,South,83,2075,5,388,0
2024-05-25,Product C,West,96,1920,2,729,20
2024-05-26,Product A,North,87,2175,2,680,20
2024-05-26,Product A,South,96,2880,3,953,0
2024-05-26,Product A,West,77,1925,2,627,0
2024-05-26,Product B,North,127,3810,3,618,20
2024-05-26,Product B,South,98,1960,5,915,20
2024-05-26,Product B,West,99,2970,5,607,0
2024-05-26,Product C,North,130,2600,5,339,0
2024-05-26,Product C,South,89,1780,4,506,20
2024-05-26,Product C,West,104,2600,7,205,10
2024-05-27,Product A,North,98,2450,6,679,0
2024-05-27,Product A,South,99,2475,4,986,20
2024-05-27,Product A,West,121,2420,2,309,10
2024-05-27,Product B,North,95,1900,2,470,0
2024-05-27,Product B,South,102,2550,1,533,0
2024-05-27,Product B,West,90,2700,3,869,0
2024-05-27,Product C,North,93,2325,2,584,10
2024-05-27,Product C,South,93,2790,5,629,20
2024-05-27,Product C,West,117,2340,3,537,0
2024-05-28,Product A,North,93,1860,3,422,0
2024-05-28,Product A,South,81,2025,3,399,0
2024-05-28,Product A,West,97,1940,2,950,20
2024-05-28,Product B,North,101,2525,1,773,20
2024-05-28,Product B,South,103,3090,3,245,0
2024-05-28,Product B,West,102,3060,1,706,0
2024-05-28,Product C,North,97,1940,2,235,10
2024-05-28,Product C,South,105,2625,5,244,20
2024-05-28,Product C,West,93,2790,2,501,10
2024-05-29,Product A,North,115,2875,1,249,10
2024-05-29,Product A,South,106,2120,3,966,0
2024-05-29,Product A,West,111,2775,2,697,0
2024-05-29,Product B,North,124,3720,4,482,0
2024-05-29,Product B,South,109,3270,4,903,20
2024-05-29,Product B,West,104,2080,1,311,20
2024-05-29,Product C,North,118,2950,2,354,0
2024-05-29,Product C,South,112,3360,3,508,20
2024-05-29,Product C,West,113,2260,3,926,0
2024-05-30,Product A,North,117,2925,0,433,0
2024-05-30,Product A,South,84,1680,5,851,10
2024-05-30,Product A,West,98,1960,4,989,0
2024-05-30,Product B,North,107,2140,0,683,0
2024-05-30,Product B,South,104,2600,3,580,20
2024-05-30,Product B,West,98,2940,4,209,0
2024-05-30,Product C,North,98,1960,2,528,0
2024-05-30,Product C,South,103,3090,5,900,10
2024-05-30,Product C,West,105,2625,4,445,0
2024-05-31,Product A,North,95,2850,1,238,0
2024-05-31,Product A,South,104,3120,2,676,0
2024-05-31,Product A,West,89,2670,4,937,20
2024-05-31,Product B,North,113,2260,4,721,0
2024-05-31,Product B,South,79,1580,3,782,10
2024-05-31,Product B,West,94,2820,2,255,10
2024-05-31,Product C,North,97,2425,6,432,10
2024-05-31,Product C,South,86,1720,4,231,0
2024-05-31,Product C,West,114,2280,2,393,0
2024-06-01,Product A,North,97,2910,2,312,0
2024-06-01,Product A,South,106,3180,1,577,0
2024-06-01,Product A,West,111,2220,1,781,20
2024-06-01,Product B,North,87,2175,4,480,10
2024-06-01,Product B,South,85,1700,2,395,0
2024-06-01,Product B,West,123,3690,4,838,20
2024-06-01,Product C,North,100,2000,3,459,0
2024-06-01,Product C,South,93,2790,2,910,0
2024-06-01,Product C,West,83,2490,4,355,0
2024-06-02,Product A,North,92,2760,3,708,10
2024-06-02,Product A,South,101,2020,5,440,20
2024-06-02,Product A,West,97,2910,1,683,0
2024-06-02,Product B,North,104,3120,0,348,0
2024-06-02,Product B,South,115,2300,4,614,0
2024-06-02,Product B,West,93,2790,3,875,10
2024-06-02,Product C,North,98,2450,1,909,0
2024-06-02,Product C,South,106,2650,5,822,0
2024-06-02,Product C,West,97,2910,2,663,0
2024-06-03,Product A,North,108,2160,7,579,0
2024-06-03,Product A,South,94,1880,1,404,0
2024-06-03,Product A,West,97,2425,3,617,0
2024-06-03,Product B,North,90,1800,2,224,0
2024-06-03,Product B,South,95,1900,1,863,0
2024-06-03,Product B,West,114,2280,3,874,0
2024-06-03,Product C,North,105,2100,5,981,0
2024-06-03,Product C,South,97,1940,2,915,0
2024-06-03,Product C,West,108,2700,0,380,20
2024-06-04,Product A,North,90,2250,1,686,10
2024-06-04,Product A,South,97,2425,5,922,0
2024-06-04,Product A,West,110,2750,2,504,10
2024-06-04,Product B,North,108,2160,6,948,0
2024-06-04,Product B,South,92,2760,1,707,0
2024-06-04,Product B,West,100,2500,3,716,10
2024-06-04,Product C,North,101,3030,6,375,10
2024-06-04,Product C,South,98,2450,4,969,0
2024-06-04,Product C,West,94,2350,4,683,0
2024-06-05,Product A,North,120,3600,3,299,20
2024-06-05,Product A,South,117,3510,2,654,0
2024-06-05,Product A,West,109,2725,2,718,20
2024-06-05,Product B,North,109,2180,2,534,0
2024-06-05,Product B,South,115,2875,7,469,10
2024-06-05,Product B,West,109,2180,1,743,20
2024-06-05,Product C,North,103,2060,5,992,10
2024-06-05,Product C,South,93,2325,1,846,0
2024-06-05,Product C,West,125,3125,2,903,0
2024-06-06,Product A,North,100,2000,2,737,0
2024-06-06,Product A,South,105,3150,4,403,20
2024-06-06,Product A,West,103,2575,7,224,10
2024-06-06,Product B,North,85,2550,0,639,0
2024-06-06,Product B,South,106,3180,4,401,0
2024-06-06,Product B,West,84,1680,3,898,20
2024-06-06,Product C,North,95,2375,2,874,20
2024-06-06,Product C,South,111,2220,2,659,0
2024-06-06,Product C,West,88,1760,2,550,10
2024-06-07,Product A,North,85,2125,4,344,10
2024-06-07,Product A,South,97,1940,3,994,20
2024-06-07,Product A,West,98,2940,3,324,0
2024-06-07,Product B,North,94,1880,4,367,0
2024-06-07,Product B,South,87,1740,4,247,0
2024-06-07,Product B,West,93,2790,2,751,0
2024-06-07,Product C,North,105,3150,2,658,0
2024-06-07,Product C,South,91,2730,3,489,20
2024-06-07,Product C,West,99,2475,2,695,0
2024-06-08,Product A,North,110,3300,5,643,0
2024-06-08,Product A,South,91,2275,6,409,0
2024-06-08,Product A,West,133,3325,4,953,0
2024-06-08,Product B,North,105,2100,1,735,0
2024-06-08,Product B,South,110,2200,4,433,0
2024-06-08,Product B,West,103,2060,2,988,0
2024-06-08,Product C,North,109,2725,3,923,10
2024-06-08,Product C,South,93,1860,3,322,10
2024-06-08,Product C,West,95,2375,2,562,20
2024-06-09,Product A,North,102,2550,2,463,0
2024-06-09,Product A,South,86,2150,0,500,0
2024-06-09,Product A,West,103,2575,4,961,0
2024-06-09,Product B,North,109,2725,2,957,0
2024-06-09,Product B,South,91,2275,1,441,0
2024-06-09,Product B,West,96,2880,3,957,20
2024-06-09,Product C,North,98,2450,2,759,0
2024-06-09,Product C,South,105,3150,5,636,0
2024-06-09,Product C,West,98,1960,5,888,0
2024-06-10,Product A,North,116,2320,3,804,20
2024-06-10,Product A,South,108,3240,7,767,0
2024-06-10,Product A,West,100,2500,2,901,0
2024-06-10,Product B,North,99,2970,3,544,0
2024-06-10,Product B,South,86,1720,0,523,20
2024-06-10,Product B,West,85,2125,3,328,0
2024-06-10,Product C,North,104,2080,4,414,10
2024-06-10,Product C,South,92,1840,1,502,0
2024-06-10,Product C,West,104,2600,3,959,0
2024-06-11,Product A,North,110,3300,5,391,0
2024-06-11,Product A,South,109,2725,0,690,0
2024-06-11,Product A,West,99,2475,4,546,0
2024-06-11,Product B,North,114,2280,4,556,20
2024-06-11,Product B,South,98,1960,4,423,10
2024-06-11,Product B,West,93,2790,6,547,0
2024-06-11,Product C,North,90,2700,5,313,0
2024-06-11,Product C,South,88,1760,1,338,0
2024-06-11,Product C,West,91,2275,4,929,0
2024-06-12,Product A,North,95,2850,1,425,0
2024-06-12,Product A,South,96,2880,1,540,10
2024-06-12,Product A,West,93,2790,4,361,0
2024-06-12,Product B,North,84,2100,3,859,0
2024-06-12,Product B,South,105,2100,2,211,0
2024-06-12,Product B,West,101,3030,3,954,0
2024-06-12,Product C,North,114,3420,2,233,0
2024-06-12,Product C,South,109,2180,5,680,0
2024-06-12,Product C,West,112,3360,0,347,20
2024-06-13,Product A,North,102,3060,2,940,0
2024-06-13,Product A,South,87,1740,1,419,0
2024-06-13,Product A,West,111,2775,5,875,0
2024-06-13,Product B,North,99,2970,7,974,10
2024-06-13,Product B,South,108,2700,3,843,0
2024-06-13,Product B,West,91,2730,3,475,0
2024-06-13,Product C,North,91,2730,5,767,10
2024-06-13,Product C,South,101,3030,1,311,20
2024-06-13,Product C,West,105,3150,2,634,0
2024-06-14,Product A,North,88,2640,3,894,10
2024-06-14,Product A,South,114,2850,2,883,20
2024-06-14,Product A,West,103,2060,1,407,20
2024-06-14,Product B,North,97,2910,1,884,0
2024-06-14,Product B,South,98,2450,1,396,0
2024-06-14,Product B,West,99,2970,2,900,10
2024-06-14,Product C,North,103,3090,4,286,20
2024-06-14,Product C,South,105,2625,2,854,0
2024-06-14,Product C,West,101,3030,2,980,0
2024-06-15,Product A,North,102,3060,5,725,0
2024-06-15,Product A,South,122,3660,3,256,10
2024-06-15,Product A,West,104,3120,4,808,10
2024-06-15,Product B,North,93,2325,3,220,0
2024-06-15,Product B,South,107,2140,3,272,0
2024-06-15,Product B,West,103,3090,1,596,10
2024-06-15,Product C,North,101,2525,2,604,0
2024-06-15,Product C,South,93,2325,2,665,20
2024-06-15,Product C,West,97,1940,2,890,0
2024-06-16,Product A,North,109,2725,4,242,0
2024-06-16,Product A,South,88,2640,1,493,0
2024-06-16,Product A,West,78,2340,3,362,20
2024-06-16,Product B,North,92,2300,3,826,10
2024-06-16,Product B,South,106,3180,3,960,0
2024-06-16,Product B,West,108,2700,2,943,0
2024-06-16,Product C,North,99,2475,3,957,0
2024-06-16,Product C,South,109,3270,2,268,10
2024-06-16,Product C,West,100,2500,3,554,0
2024-06-17,Product A,North,102,2040,5,856,0
2024-06-17,Product A,South,100,3000,2,822,0
2024-06-17,Product A,West,89,1780,5,364,20
2024-06-17,Product B,North,101,3030,4,386,0
2024-06-17,Product B,South,89,2670,1,433,20
2024-06-17,Product B,West,103,2575,2,220,0
2024-06-17,Product C,North,110,2750,4,317,20
2024-06-17,Product C,South,100,2500,5,884,20
2024-06-17,Product C,West,108,3240,2,813,20
2024-06-18,Product A,North,93,2790,3,406,10
2024-06-18,Product A,South,98,2450,2,752,10
2024-06-18,Product A,West,94,2350,3,806,10
2024-06-18,Product B,North,102,2550,2,273,0
2024-06-18,Product B,South,102,3060,4,979,0
2024-06-18,Product B,West,110,2200,2,982,0
2024-06-18,Product C,North,86,2150,4,827,20
2024-06-18,Product C,South,107,3210,4,499,0
2024-06-18,Product C,West,98,1960,4,227,0
2024-06-19,Product A,North,86,2150,2,792,0
2024-06-19,Product A,South,102,2550,4,593,20
2024-06-19,Product A,West,114,3420,2,736,0
2024-06-19,Product B,North,110,2750,3,400,0
2024-06-19,Product B,South,100,3000,6,243,10
2024-06-19,Product B,West,97,2910,5,541,0
2024-06-19,Product C,North,104,2080,5,250,20
2024-06-19,Product C,South,106,3180,1,679,20
2024-06-19,Product C,West,94,2820,5,815,20
2024-06-20,Product A,North,90,2700,5,676,10
2024-06-20,Product A,South,104,2600,1,330,0
2024-06-20,Product A,West,107,3210,2,606,10
2024-06-20,Product B,North,115,3450,2,298,0
2024-06-20,Product B,South,97,2425,2,558,0
2024-06-20,Product B,West,109,2725,6,778,10
2024-06-20,Product C,North,97,1940,8,921,0
2024-06-20,Product C,South,90,1800,3,336,0
2024-06-20,Product C,West,108,2700,6,646,0
2024-06-21,Product A,North,89,2225,4,605,0
2024-06-21,Product A,South,96,2880,3,660,10
2024-06-21,Product A,West,92,2300,5,643,0
2024-06-21,Product B,North,123,3075,2,846,10
2024-06-21,Product B,South,90,2250,2,330,0
2024-06-21,Product B,West,97,2425,5,567,20
2024-06-21,Product C,North,99,2475,5,398,20
2024-06-21,Product C,South,89,1780,1,776,0
2024-06-21,Product C,West,101,2525,3,777,0
2024-06-22,Product A,North,100,2500,6,780,0
2024-06-22,Product A,South,93,2325,3,798,0
2024-06-22,Product A,West,118,2360,1,697,0
2024-06-22,Product B,North,89,2670,2,206,0
2024-06-22,Product B,South,85,1700,2,305,20
2024-06-22,Product B,West,102,2040,4,474,20
2024-06-22,Product C,North,126,3150,0,952,0
2024-06-22,Product C,South,118,2950,6,883,20
2024-06-22,Product C,West,102,3060,2,580,0
2024-06-23,Product A,North,85,2550,4,980,10
2024-06-23,Product A,South,105,2100,1,441,0
2024-06-23,Product A,West,91,2275,6,986,0
2024-06-23,Product B,North,97,2425,1,741,0
2024-06-23,Product B,South,91,1820,4,501,0
2024-06-23,Product B,West,97,2910,2,590,10
2024-06-23,Product C,North,98,2450,1,941,0
2024-06-23,Product C,South,73,1825,5,996,0
2024-06-23,Product C,West,89,1780,2,658,0
2024-06-24,Product A,North,103,2575,2,545,10
2024-06-24,Product A,South,92,2300,1,278,0
2024-06-24,Product A,West,108,3240,2,688,20
2024-06-24,Product B,North,116,2900,1,511,0
2024-06-24,Product B,South,111,2775,3,412,20
2024-06-24,Product B,West,105,2100,2,336,0
2024-06-24,Product C,North,114,2280,4,621,0
2024-06-24,Product C,South,92,2300,3,904,20
2024-06-24,Product C,West,94,1880,0,976,10
2024-06-25,Product A,North,102,3060,2,357,0
2024-06-25,Product A,South,93,1860,0,320,10
2024-06-25,Product A,West,91,2730,2,739,0
2024-06-25,Product B,North,96,1920,2,375,20
2024-06-25,Product B,South,103,2575,0,473,0
2024-06-25,Product B,West,99,1980,3,489,0
2024-06-25,Product C,North,105,3150,3,674,20
2024-06-25,Product C,South,107,3210,2,730,0
2024-06-25,Product C,West,101,3030,4,449,10
2024-06-26,Product A,North,95,2850,6,492,0
2024-06-26,Product A,South,107,2140,8,417,0
2024-06-26,Product A,West,102,3060,4,613,0
2024-06-26,Product B,North,97,1940,5,945,0
2024-06-26,Product B,South,90,2700,2,781,0
2024-06-26,Product B,West,90,2250,2,851,10
2024-06-26,Product C,North,92,2300,4,316,0
2024-06-26,Product C,South,113,2825,2,525,0
2024-06-26,Product C,West,101,2525,6,376,10
2024-06-27,Product A,North,109,3270,3,523,0
2024-06-27,Product A,South,101,2525,6,933,0
2024-06-27,Product A,West,101,3030,2,279,0
2024-06-27,Product B,North,105,3150,3,852,0
2024-06-27,Product B,South,97,2425,4,942,0
2024-06-27,Product B,West,76,1900,5,245,0
2024-06-27,Product C,North,95,2375,2,359,10
2024-06-27,Product C,South,108,2700,1,316,0
2024-06-27,Product C,West,99,1980,4,890,0
2024-06-28,Product A,North,93,2790,3,891,20
2024-06-28,Product A,South,87,2175,4,674,10
2024-06-28,Product A,West,79,1975,3,493,0
2024-06-28,Product B,North,90,1800,4,490,0
2024-06-28,Product B,South,114,3420,1,675,20
2024-06-28,Product B,West,108,2160,2,322,0
2024-06-28,Product C,North,112,3360,3,531,0
2024-06-28,Product C,South,86,2580,6,269,0
2024-06-28,Product C,West,96,2400,5,657,0
2024-06-29,Product A,North,102,2040,4,893,20
2024-06-29,Product A,South,100,2500,3,590,0
2024-06-29,Product A,West,84,2100,4,280,0
2024-06-29,Product B,North,112,2240,2,823,0
2024-06-29,Product B,South,113,2260,3,909,0
2024-06-29,Product B,West,95,2850,5,966,0
2024-06-29,Product C,North,100,3000,2,520,0
2024-06-29,Product C,South,91,2730,3,444,20
2024-06-29,Product C,West,110,2750,3,792,0
2024-06-30,Product A,North,90,2700,2,990,20
2024-06-30,Product A,South,101,3030,1,891,10
2024-06-30,Product A,West,105,3150,1,698,0
2024-06-30,Product B,North,94,2350,2,366,20
2024-06-30,Product B,South,88,2200,1,495,20
2024-06-30,Product B,West,106,2120,10,893,0
2024-06-30,Product C,North,93,1860,4,422,10
2024-06-30,Product C,South,87,1740,5,454,10
2024-06-30,Product C,West,110,2750,3,887,0
